run_id,axis,variant,k,seed,layer,period,share_pct
A_k12_s1,A_seeds,reference_prepro,12,1,operational,2007-2014,60.01636637908329
A_k12_s1,A_seeds,reference_prepro,12,1,operational,2015-2018,56.0241878720808
A_k12_s1,A_seeds,reference_prepro,12,1,operational,2019-2022,44.97491324929191
A_k12_s1,A_seeds,reference_prepro,12,1,operational,2023-2026,34.14272713570578
A_k12_s1,A_seeds,reference_prepro,12,1,institutional,2007-2014,31.669569446300255
A_k12_s1,A_seeds,reference_prepro,12,1,institutional,2015-2018,31.896678565699403
A_k12_s1,A_seeds,reference_prepro,12,1,institutional,2019-2022,39.444621626599755
A_k12_s1,A_seeds,reference_prepro,12,1,institutional,2023-2026,43.38186750768121
A_k12_s1,A_seeds,reference_prepro,12,1,technology,2007-2014,8.30284231821376
A_k12_s1,A_seeds,reference_prepro,12,1,technology,2015-2018,11.402451684643893
A_k12_s1,A_seeds,reference_prepro,12,1,technology,2019-2022,12.231643550629896
A_k12_s1,A_seeds,reference_prepro,12,1,technology,2023-2026,14.61312948340113
A_k12_s1,A_seeds,reference_prepro,12,1,meta,2007-2014,0.011224509156212054
A_k12_s1,A_seeds,reference_prepro,12,1,meta,2015-2018,0.676684291120182
A_k12_s1,A_seeds,reference_prepro,12,1,meta,2019-2022,3.3488232067449846
A_k12_s1,A_seeds,reference_prepro,12,1,meta,2023-2026,7.862275794551958
A_k12_s123,A_seeds,reference_prepro,12,123,operational,2007-2014,52.76122154227778
A_k12_s123,A_seeds,reference_prepro,12,123,operational,2015-2018,48.42984378699839
A_k12_s123,A_seeds,reference_prepro,12,123,operational,2019-2022,44.32568861952556
A_k12_s123,A_seeds,reference_prepro,12,123,operational,2023-2026,32.51292576472906
A_k12_s123,A_seeds,reference_prepro,12,123,institutional,2007-2014,26.103739511563617
A_k12_s123,A_seeds,reference_prepro,12,123,institutional,2015-2018,30.989643998200332
A_k12_s123,A_seeds,reference_prepro,12,123,institutional,2019-2022,37.43015017383085
A_k12_s123,A_seeds,reference_prepro,12,123,institutional,2023-2026,40.8703018261311
A_k12_s123,A_seeds,reference_prepro,12,123,technology,2007-2014,21.13504147370501
A_k12_s123,A_seeds,reference_prepro,12,123,technology,2015-2018,20.580514594112174
A_k12_s123,A_seeds,reference_prepro,12,123,technology,2019-2022,18.24416512395449
A_k12_s123,A_seeds,reference_prepro,12,123,technology,2023-2026,26.616774196016497
A_k12_s123,A_seeds,reference_prepro,12,123,meta,2007-2014,0.0
A_k12_s123,A_seeds,reference_prepro,12,123,meta,2015-2018,0.0
A_k12_s123,A_seeds,reference_prepro,12,123,meta,2019-2022,0.0
A_k12_s123,A_seeds,reference_prepro,12,123,meta,2023-2026,0.0
A_k12_s13,A_seeds,reference_prepro,12,13,operational,2007-2014,65.13405853947916
A_k12_s13,A_seeds,reference_prepro,12,13,operational,2015-2018,59.822953055190744
A_k12_s13,A_seeds,reference_prepro,12,13,operational,2019-2022,41.73696742739089
A_k12_s13,A_seeds,reference_prepro,12,13,operational,2023-2026,31.96639835764093
A_k12_s13,A_seeds,reference_prepro,12,13,institutional,2007-2014,25.99290290963836
A_k12_s13,A_seeds,reference_prepro,12,13,institutional,2015-2018,24.427102397876297
A_k12_s13,A_seeds,reference_prepro,12,13,institutional,2019-2022,39.04081994670883
A_k12_s13,A_seeds,reference_prepro,12,13,institutional,2023-2026,43.403707308342135
A_k12_s13,A_seeds,reference_prepro,12,13,technology,2007-2014,7.484283000303549
A_k12_s13,A_seeds,reference_prepro,12,13,technology,2015-2018,11.090993522138888
A_k12_s13,A_seeds,reference_prepro,12,13,technology,2019-2022,13.160694971488232
A_k12_s13,A_seeds,reference_prepro,12,13,technology,2023-2026,19.5785517322823
A_k12_s13,A_seeds,reference_prepro,12,13,meta,2007-2014,1.3887521013505952
A_k12_s13,A_seeds,reference_prepro,12,13,meta,2015-2018,4.658952340741962
A_k12_s13,A_seeds,reference_prepro,12,13,meta,2019-2022,6.061520988304336
A_k12_s13,A_seeds,reference_prepro,12,13,meta,2023-2026,5.051342521517199
A_k12_s2,A_seeds,reference_prepro,12,2,operational,2007-2014,47.37395128589317
A_k12_s2,A_seeds,reference_prepro,12,2,operational,2015-2018,54.82954487270035
A_k12_s2,A_seeds,reference_prepro,12,2,operational,2019-2022,38.810677913999015
A_k12_s2,A_seeds,reference_prepro,12,2,operational,2023-2026,23.452939365260285
A_k12_s2,A_seeds,reference_prepro,12,2,institutional,2007-2014,32.79066580228876
A_k12_s2,A_seeds,reference_prepro,12,2,institutional,2015-2018,27.81515878845312
A_k12_s2,A_seeds,reference_prepro,12,2,institutional,2019-2022,36.95963407908695
A_k12_s2,A_seeds,reference_prepro,12,2,institutional,2023-2026,51.3377643826478
A_k12_s2,A_seeds,reference_prepro,12,2,technology,2007-2014,19.83537995850687
A_k12_s2,A_seeds,reference_prepro,12,2,technology,2015-2018,17.35529449340902
A_k12_s2,A_seeds,reference_prepro,12,2,technology,2019-2022,24.229689984349534
A_k12_s2,A_seeds,reference_prepro,12,2,technology,2023-2026,25.209296488708333
A_k12_s2,A_seeds,reference_prepro,12,2,meta,2007-2014,0.0
A_k12_s2,A_seeds,reference_prepro,12,2,meta,2015-2018,0.0
A_k12_s2,A_seeds,reference_prepro,12,2,meta,2019-2022,0.0
A_k12_s2,A_seeds,reference_prepro,12,2,meta,2023-2026,0.0
A_k12_s2024,A_seeds,reference_prepro,12,2024,operational,2007-2014,56.040995341087786
A_k12_s2024,A_seeds,reference_prepro,12,2024,operational,2015-2018,62.36477118092807
A_k12_s2024,A_seeds,reference_prepro,12,2024,operational,2019-2022,39.33722247342909
A_k12_s2024,A_seeds,reference_prepro,12,2024,operational,2023-2026,34.64617822100233
A_k12_s2024,A_seeds,reference_prepro,12,2024,institutional,2007-2014,20.44173692853898
A_k12_s2024,A_seeds,reference_prepro,12,2024,institutional,2015-2018,18.243623053494957
A_k12_s2024,A_seeds,reference_prepro,12,2024,institutional,2019-2022,28.99141609306551
A_k12_s2024,A_seeds,reference_prepro,12,2024,institutional,2023-2026,48.03514296237002
A_k12_s2024,A_seeds,reference_prepro,12,2024,technology,2007-2014,23.51727194381965
A_k12_s2024,A_seeds,reference_prepro,12,2024,technology,2015-2018,19.391606812168902
A_k12_s2024,A_seeds,reference_prepro,12,2024,technology,2019-2022,31.671361194409354
A_k12_s2024,A_seeds,reference_prepro,12,2024,technology,2023-2026,17.31867917509362
A_k12_s2024,A_seeds,reference_prepro,12,2024,meta,2007-2014,0.0
A_k12_s2024,A_seeds,reference_prepro,12,2024,meta,2015-2018,0.0
A_k12_s2024,A_seeds,reference_prepro,12,2024,meta,2019-2022,0.0
A_k12_s2024,A_seeds,reference_prepro,12,2024,meta,2023-2026,0.0
A_k12_s21,A_seeds,reference_prepro,12,21,operational,2007-2014,33.17658934744638
A_k12_s21,A_seeds,reference_prepro,12,21,operational,2015-2018,36.973604057075136
A_k12_s21,A_seeds,reference_prepro,12,21,operational,2019-2022,26.938310725535203
A_k12_s21,A_seeds,reference_prepro,12,21,operational,2023-2026,23.183878543742743
A_k12_s21,A_seeds,reference_prepro,12,21,institutional,2007-2014,43.12645065698841
A_k12_s21,A_seeds,reference_prepro,12,21,institutional,2015-2018,42.14764775664662
A_k12_s21,A_seeds,reference_prepro,12,21,institutional,2019-2022,50.69358244893212
A_k12_s21,A_seeds,reference_prepro,12,21,institutional,2023-2026,40.11340292552934
A_k12_s21,A_seeds,reference_prepro,12,21,technology,2007-2014,22.264139560259842
A_k12_s21,A_seeds,reference_prepro,12,21,technology,2015-2018,19.163021572348953
A_k12_s21,A_seeds,reference_prepro,12,21,technology,2019-2022,19.02238036022431
A_k12_s21,A_seeds,reference_prepro,12,21,technology,2023-2026,24.611013102859637
A_k12_s21,A_seeds,reference_prepro,12,21,meta,2007-2014,1.4328197873207196
A_k12_s21,A_seeds,reference_prepro,12,21,meta,2015-2018,1.715727655464434
A_k12_s21,A_seeds,reference_prepro,12,21,meta,2019-2022,3.3457283301524714
A_k12_s21,A_seeds,reference_prepro,12,21,meta,2023-2026,12.091706333546881
A_k12_s3,A_seeds,reference_prepro,12,3,operational,2007-2014,42.74883931490574
A_k12_s3,A_seeds,reference_prepro,12,3,operational,2015-2018,48.63287078756912
A_k12_s3,A_seeds,reference_prepro,12,3,operational,2019-2022,33.74993301575564
A_k12_s3,A_seeds,reference_prepro,12,3,operational,2023-2026,31.251661128699954
A_k12_s3,A_seeds,reference_prepro,12,3,institutional,2007-2014,47.09479595221637
A_k12_s3,A_seeds,reference_prepro,12,3,institutional,2015-2018,39.402602521295194
A_k12_s3,A_seeds,reference_prepro,12,3,institutional,2019-2022,45.1824834017235
A_k12_s3,A_seeds,reference_prepro,12,3,institutional,2023-2026,47.608146491139294
A_k12_s3,A_seeds,reference_prepro,12,3,technology,2007-2014,8.773302727058763
A_k12_s3,A_seeds,reference_prepro,12,3,technology,2015-2018,7.2730091668745445
A_k12_s3,A_seeds,reference_prepro,12,3,technology,2019-2022,12.573175148564689
A_k12_s3,A_seeds,reference_prepro,12,3,technology,2023-2026,17.410075584780316
A_k12_s3,A_seeds,reference_prepro,12,3,meta,2007-2014,1.383060980697337
A_k12_s3,A_seeds,reference_prepro,12,3,meta,2015-2018,4.691517346273031
A_k12_s3,A_seeds,reference_prepro,12,3,meta,2019-2022,8.494407983792675
A_k12_s3,A_seeds,reference_prepro,12,3,meta,2023-2026,3.730120507888538
A_k12_s42,A_seeds,reference_prepro,12,42,operational,2007-2014,58.881324232728126
A_k12_s42,A_seeds,reference_prepro,12,42,operational,2015-2018,57.87215310296233
A_k12_s42,A_seeds,reference_prepro,12,42,operational,2019-2022,49.03091723121179
A_k12_s42,A_seeds,reference_prepro,12,42,operational,2023-2026,32.193307042704575
A_k12_s42,A_seeds,reference_prepro,12,42,institutional,2007-2014,25.33816869745351
A_k12_s42,A_seeds,reference_prepro,12,42,institutional,2015-2018,30.62420249061688
A_k12_s42,A_seeds,reference_prepro,12,42,institutional,2019-2022,30.31635907101089
A_k12_s42,A_seeds,reference_prepro,12,42,institutional,2023-2026,35.71450391089759
A_k12_s42,A_seeds,reference_prepro,12,42,technology,2007-2014,15.505247408752135
A_k12_s42,A_seeds,reference_prepro,12,42,technology,2015-2018,8.796027778425923
A_k12_s42,A_seeds,reference_prepro,12,42,technology,2019-2022,16.7592950906611
A_k12_s42,A_seeds,reference_prepro,12,42,technology,2023-2026,24.227678754395278
A_k12_s42,A_seeds,reference_prepro,12,42,meta,2007-2014,0.27526021252318367
A_k12_s42,A_seeds,reference_prepro,12,42,meta,2015-2018,2.7076194641631446
A_k12_s42,A_seeds,reference_prepro,12,42,meta,2019-2022,3.893430863859572
A_k12_s42,A_seeds,reference_prepro,12,42,meta,2023-2026,7.864510822681344
A_k12_s7,A_seeds,reference_prepro,12,7,operational,2007-2014,58.49993913701231
A_k12_s7,A_seeds,reference_prepro,12,7,operational,2015-2018,49.85177233043942
A_k12_s7,A_seeds,reference_prepro,12,7,operational,2019-2022,38.59066037305133
A_k12_s7,A_seeds,reference_prepro,12,7,operational,2023-2026,34.35603216913705
A_k12_s7,A_seeds,reference_prepro,12,7,institutional,2007-2014,28.353476502343256
A_k12_s7,A_seeds,reference_prepro,12,7,institutional,2015-2018,29.226162711820507
A_k12_s7,A_seeds,reference_prepro,12,7,institutional,2019-2022,32.804826627899374
A_k12_s7,A_seeds,reference_prepro,12,7,institutional,2023-2026,29.010045074752117
A_k12_s7,A_seeds,reference_prepro,12,7,technology,2007-2014,8.776989210552227
A_k12_s7,A_seeds,reference_prepro,12,7,technology,2015-2018,14.43347707414432
A_k12_s7,A_seeds,reference_prepro,12,7,technology,2019-2022,17.132200320718564
A_k12_s7,A_seeds,reference_prepro,12,7,technology,2023-2026,27.59552044606532
A_k12_s7,A_seeds,reference_prepro,12,7,meta,2007-2014,4.369597739302359
A_k12_s7,A_seeds,reference_prepro,12,7,meta,2015-2018,6.488586667182972
A_k12_s7,A_seeds,reference_prepro,12,7,meta,2019-2022,11.472315607057276
A_k12_s7,A_seeds,reference_prepro,12,7,meta,2023-2026,9.038403530833722
A_k12_s99,A_seeds,reference_prepro,12,99,operational,2007-2014,46.381934974609365
A_k12_s99,A_seeds,reference_prepro,12,99,operational,2015-2018,48.021820989215485
A_k12_s99,A_seeds,reference_prepro,12,99,operational,2019-2022,31.044992788504004
A_k12_s99,A_seeds,reference_prepro,12,99,operational,2023-2026,23.4078076269005
A_k12_s99,A_seeds,reference_prepro,12,99,institutional,2007-2014,32.46276474437764
A_k12_s99,A_seeds,reference_prepro,12,99,institutional,2015-2018,30.78485908536095
A_k12_s99,A_seeds,reference_prepro,12,99,institutional,2019-2022,43.00177439956719
A_k12_s99,A_seeds,reference_prepro,12,99,institutional,2023-2026,50.41651259217588
A_k12_s99,A_seeds,reference_prepro,12,99,technology,2007-2014,21.155305235940126
A_k12_s99,A_seeds,reference_prepro,12,99,technology,2015-2018,21.193319467456604
A_k12_s99,A_seeds,reference_prepro,12,99,technology,2019-2022,25.953235206705155
A_k12_s99,A_seeds,reference_prepro,12,99,technology,2023-2026,26.175684394570453
A_k12_s99,A_seeds,reference_prepro,12,99,meta,2007-2014,0.0
A_k12_s99,A_seeds,reference_prepro,12,99,meta,2015-2018,0.0
A_k12_s99,A_seeds,reference_prepro,12,99,meta,2019-2022,0.0
A_k12_s99,A_seeds,reference_prepro,12,99,meta,2023-2026,0.0
B_k10_s13,B_k,k10,10,13,operational,2007-2014,59.42397007778103
B_k10_s13,B_k,k10,10,13,operational,2015-2018,50.05254990906906
B_k10_s13,B_k,k10,10,13,operational,2019-2022,38.0327896701864
B_k10_s13,B_k,k10,10,13,operational,2023-2026,28.89567238615503
B_k10_s13,B_k,k10,10,13,institutional,2007-2014,28.63674889322283
B_k10_s13,B_k,k10,10,13,institutional,2015-2018,32.25497224317223
B_k10_s13,B_k,k10,10,13,institutional,2019-2022,40.28565624571153
B_k10_s13,B_k,k10,10,13,institutional,2023-2026,40.08023442552637
B_k10_s13,B_k,k10,10,13,technology,2007-2014,11.035007359714655
B_k10_s13,B_k,k10,10,13,technology,2015-2018,14.06145922586802
B_k10_s13,B_k,k10,10,13,technology,2019-2022,15.614717349219266
B_k10_s13,B_k,k10,10,13,technology,2023-2026,23.478484129596687
B_k10_s13,B_k,k10,10,13,meta,2007-2014,0.9042768331710249
B_k10_s13,B_k,k10,10,13,meta,2015-2018,3.63101771368747
B_k10_s13,B_k,k10,10,13,meta,2019-2022,6.066838219792569
B_k10_s13,B_k,k10,10,13,meta,2023-2026,7.54560985143371
B_k10_s21,B_k,k10,10,21,operational,2007-2014,68.2591560401003
B_k10_s21,B_k,k10,10,21,operational,2015-2018,56.76578785791207
B_k10_s21,B_k,k10,10,21,operational,2019-2022,49.14206424356962
B_k10_s21,B_k,k10,10,21,operational,2023-2026,32.02840251628534
B_k10_s21,B_k,k10,10,21,institutional,2007-2014,21.622028972888074
B_k10_s21,B_k,k10,10,21,institutional,2015-2018,31.7446398112952
B_k10_s21,B_k,k10,10,21,institutional,2019-2022,42.86687942469952
B_k10_s21,B_k,k10,10,21,institutional,2023-2026,39.21443903934308
B_k10_s21,B_k,k10,10,21,technology,2007-2014,8.038180033994042
B_k10_s21,B_k,k10,10,21,technology,2015-2018,9.65958817385399
B_k10_s21,B_k,k10,10,21,technology,2019-2022,4.0874729964384136
B_k10_s21,B_k,k10,10,21,technology,2023-2026,14.947917490360396
B_k10_s21,B_k,k10,10,21,meta,2007-2014,2.080636750118477
B_k10_s21,B_k,k10,10,21,meta,2015-2018,1.8299845662113512
B_k10_s21,B_k,k10,10,21,meta,2019-2022,3.903586072103483
B_k10_s21,B_k,k10,10,21,meta,2023-2026,13.809241866844483
B_k10_s42,B_k,k10,10,42,operational,2007-2014,70.54907959651851
B_k10_s42,B_k,k10,10,42,operational,2015-2018,67.67497347325843
B_k10_s42,B_k,k10,10,42,operational,2019-2022,58.81275183089504
B_k10_s42,B_k,k10,10,42,operational,2023-2026,39.98204638039245
B_k10_s42,B_k,k10,10,42,institutional,2007-2014,13.896253666886574
B_k10_s42,B_k,k10,10,42,institutional,2015-2018,18.353009372258384
B_k10_s42,B_k,k10,10,42,institutional,2019-2022,16.440565003585007
B_k10_s42,B_k,k10,10,42,institutional,2023-2026,18.20209132636895
B_k10_s42,B_k,k10,10,42,technology,2007-2014,15.137926141687785
B_k10_s42,B_k,k10,10,42,technology,2015-2018,11.540315562215255
B_k10_s42,B_k,k10,10,42,technology,2019-2022,21.015551512132838
B_k10_s42,B_k,k10,10,42,technology,2023-2026,32.479005152765694
B_k10_s42,B_k,k10,10,42,meta,2007-2014,0.41674180841558456
B_k10_s42,B_k,k10,10,42,meta,2015-2018,2.431703668735281
B_k10_s42,B_k,k10,10,42,meta,2019-2022,3.73113365288494
B_k10_s42,B_k,k10,10,42,meta,2023-2026,9.336857803422543
B_k10_s7,B_k,k10,10,7,operational,2007-2014,52.769422646876286
B_k10_s7,B_k,k10,10,7,operational,2015-2018,48.25040180203359
B_k10_s7,B_k,k10,10,7,operational,2019-2022,31.480642305420286
B_k10_s7,B_k,k10,10,7,operational,2023-2026,20.486145821125014
B_k10_s7,B_k,k10,10,7,institutional,2007-2014,36.4043246755197
B_k10_s7,B_k,k10,10,7,institutional,2015-2018,34.18849706860783
B_k10_s7,B_k,k10,10,7,institutional,2019-2022,41.635693647347374
B_k10_s7,B_k,k10,10,7,institutional,2023-2026,41.43981110520751
B_k10_s7,B_k,k10,10,7,technology,2007-2014,7.010674267318488
B_k10_s7,B_k,k10,10,7,technology,2015-2018,11.154741849095444
B_k10_s7,B_k,k10,10,7,technology,2019-2022,14.71432207706837
B_k10_s7,B_k,k10,10,7,technology,2023-2026,26.90029609331077
B_k10_s7,B_k,k10,10,7,meta,2007-2014,3.8155776335770497
B_k10_s7,B_k,k10,10,7,meta,2015-2018,6.406358897547762
B_k10_s7,B_k,k10,10,7,meta,2019-2022,12.169344349968014
B_k10_s7,B_k,k10,10,7,meta,2023-2026,11.173747886588597
B_k10_s99,B_k,k10,10,99,operational,2007-2014,44.58658260300581
B_k10_s99,B_k,k10,10,99,operational,2015-2018,54.16565433388314
B_k10_s99,B_k,k10,10,99,operational,2019-2022,32.6516689841891
B_k10_s99,B_k,k10,10,99,operational,2023-2026,27.029853920468366
B_k10_s99,B_k,k10,10,99,institutional,2007-2014,37.62611063848453
B_k10_s99,B_k,k10,10,99,institutional,2015-2018,29.371809425847463
B_k10_s99,B_k,k10,10,99,institutional,2019-2022,44.38251778179417
B_k10_s99,B_k,k10,10,99,institutional,2023-2026,48.94703399010041
B_k10_s99,B_k,k10,10,99,technology,2007-2014,17.787308692156024
B_k10_s99,B_k,k10,10,99,technology,2015-2018,16.462536148155777
B_k10_s99,B_k,k10,10,99,technology,2019-2022,22.965814826505568
B_k10_s99,B_k,k10,10,99,technology,2023-2026,24.023114075710815
B_k10_s99,B_k,k10,10,99,meta,2007-2014,0.0
B_k10_s99,B_k,k10,10,99,meta,2015-2018,0.0
B_k10_s99,B_k,k10,10,99,meta,2019-2022,0.0
B_k10_s99,B_k,k10,10,99,meta,2023-2026,0.0
B_k14_s13,B_k,k14,14,13,operational,2007-2014,58.77430124589106
B_k14_s13,B_k,k14,14,13,operational,2015-2018,47.49029840751973
B_k14_s13,B_k,k14,14,13,operational,2019-2022,34.37740346602772
B_k14_s13,B_k,k14,14,13,operational,2023-2026,31.873478753285173
B_k14_s13,B_k,k14,14,13,institutional,2007-2014,23.961452464512455
B_k14_s13,B_k,k14,14,13,institutional,2015-2018,25.160985715756397
B_k14_s13,B_k,k14,14,13,institutional,2019-2022,35.90065202143806
B_k14_s13,B_k,k14,14,13,institutional,2023-2026,40.770335632335744
B_k14_s13,B_k,k14,14,13,technology,2007-2014,10.933942044296902
B_k14_s13,B_k,k14,14,13,technology,2015-2018,22.023156905252108
B_k14_s13,B_k,k14,14,13,technology,2019-2022,22.629057451688116
B_k14_s13,B_k,k14,14,13,technology,2023-2026,19.150817293882483
B_k14_s13,B_k,k14,14,13,meta,2007-2014,6.330305404844694
B_k14_s13,B_k,k14,14,13,meta,2015-2018,5.32556221491177
B_k14_s13,B_k,k14,14,13,meta,2019-2022,7.092891198230468
B_k14_s13,B_k,k14,14,13,meta,2023-2026,8.20536982023441
B_k14_s21,B_k,k14,14,21,operational,2007-2014,48.59873765168838
B_k14_s21,B_k,k14,14,21,operational,2015-2018,49.071228769043955
B_k14_s21,B_k,k14,14,21,operational,2019-2022,42.897397941414965
B_k14_s21,B_k,k14,14,21,operational,2023-2026,32.32561229193986
B_k14_s21,B_k,k14,14,21,institutional,2007-2014,40.05088343650034
B_k14_s21,B_k,k14,14,21,institutional,2015-2018,35.40849217588402
B_k14_s21,B_k,k14,14,21,institutional,2019-2022,41.127247977306574
B_k14_s21,B_k,k14,14,21,institutional,2023-2026,40.20604161499932
B_k14_s21,B_k,k14,14,21,technology,2007-2014,10.161813659336378
B_k14_s21,B_k,k14,14,21,technology,2015-2018,14.03745227975378
B_k14_s21,B_k,k14,14,21,technology,2019-2022,12.718084166117476
B_k14_s21,B_k,k14,14,21,technology,2023-2026,15.866572350584343
B_k14_s21,B_k,k14,14,21,meta,2007-2014,1.188565479060344
B_k14_s21,B_k,k14,14,21,meta,2015-2018,1.4828271134683746
B_k14_s21,B_k,k14,14,21,meta,2019-2022,3.2572728049368984
B_k14_s21,B_k,k14,14,21,meta,2023-2026,11.601776259090002
B_k14_s42,B_k,k14,14,42,operational,2007-2014,63.128193946855994
B_k14_s42,B_k,k14,14,42,operational,2015-2018,56.77479722111457
B_k14_s42,B_k,k14,14,42,operational,2019-2022,42.24311988757917
B_k14_s42,B_k,k14,14,42,operational,2023-2026,32.457514747170535
B_k14_s42,B_k,k14,14,42,institutional,2007-2014,22.44519045658914
B_k14_s42,B_k,k14,14,42,institutional,2015-2018,27.492556457400497
B_k14_s42,B_k,k14,14,42,institutional,2019-2022,26.966986922141384
B_k14_s42,B_k,k14,14,42,institutional,2023-2026,32.491534517434204
B_k14_s42,B_k,k14,14,42,technology,2007-2014,14.41539314516073
B_k14_s42,B_k,k14,14,42,technology,2015-2018,14.207808728733653
B_k14_s42,B_k,k14,14,42,technology,2019-2022,28.25318900258733
B_k14_s42,B_k,k14,14,42,technology,2023-2026,27.2263847808631
B_k14_s42,B_k,k14,14,42,meta,2007-2014,0.011221942804695573
B_k14_s42,B_k,k14,14,42,meta,2015-2018,1.5248403468285687
B_k14_s42,B_k,k14,14,42,meta,2019-2022,2.536707539418583
B_k14_s42,B_k,k14,14,42,meta,2023-2026,7.824568418118361
B_k14_s7,B_k,k14,14,7,operational,2007-2014,78.2712636154732
B_k14_s7,B_k,k14,14,7,operational,2015-2018,62.422015411993925
B_k14_s7,B_k,k14,14,7,operational,2019-2022,54.105461606514936
B_k14_s7,B_k,k14,14,7,operational,2023-2026,41.19121591267003
B_k14_s7,B_k,k14,14,7,institutional,2007-2014,12.010277500485245
B_k14_s7,B_k,k14,14,7,institutional,2015-2018,22.68577549029942
B_k14_s7,B_k,k14,14,7,institutional,2019-2022,27.477574822437923
B_k14_s7,B_k,k14,14,7,institutional,2023-2026,23.764293871503618
B_k14_s7,B_k,k14,14,7,technology,2007-2014,8.903624829508772
B_k14_s7,B_k,k14,14,7,technology,2015-2018,13.177193599822203
B_k14_s7,B_k,k14,14,7,technology,2019-2022,12.281561057105945
B_k14_s7,B_k,k14,14,7,technology,2023-2026,26.506240753697814
B_k14_s7,B_k,k14,14,7,meta,2007-2014,0.8148371135272706
B_k14_s7,B_k,k14,14,7,meta,2015-2018,1.7150135066913208
B_k14_s7,B_k,k14,14,7,meta,2019-2022,6.135403282169136
B_k14_s7,B_k,k14,14,7,meta,2023-2026,8.538251102739498
B_k14_s99,B_k,k14,14,99,operational,2007-2014,42.01830027977849
B_k14_s99,B_k,k14,14,99,operational,2015-2018,48.5283377939777
B_k14_s99,B_k,k14,14,99,operational,2019-2022,32.65377918966503
B_k14_s99,B_k,k14,14,99,operational,2023-2026,30.9730031233092
B_k14_s99,B_k,k14,14,99,institutional,2007-2014,36.41966788157636
B_k14_s99,B_k,k14,14,99,institutional,2015-2018,32.10315014122898
B_k14_s99,B_k,k14,14,99,institutional,2019-2022,42.78478648536192
B_k14_s99,B_k,k14,14,99,institutional,2023-2026,43.18192302334107
B_k14_s99,B_k,k14,14,99,technology,2007-2014,18.671340760435363
B_k14_s99,B_k,k14,14,99,technology,2015-2018,17.689224092991935
B_k14_s99,B_k,k14,14,99,technology,2019-2022,21.26174069858583
B_k14_s99,B_k,k14,14,99,technology,2023-2026,17.694067061506757
B_k14_s99,B_k,k14,14,99,meta,2007-2014,2.8906922362390715
B_k14_s99,B_k,k14,14,99,meta,2015-2018,1.6792912883101963
B_k14_s99,B_k,k14,14,99,meta,2019-2022,3.2996997746684227
B_k14_s99,B_k,k14,14,99,meta,2023-2026,8.15100986210382
C_no_domain_stop_s13,C_prepro,no_domain_stop,12,13,operational,2007-2014,25.404713411080593
C_no_domain_stop_s13,C_prepro,no_domain_stop,12,13,operational,2015-2018,29.40958633640548
C_no_domain_stop_s13,C_prepro,no_domain_stop,12,13,operational,2019-2022,15.604172464340484
C_no_domain_stop_s13,C_prepro,no_domain_stop,12,13,operational,2023-2026,18.620770817165067
C_no_domain_stop_s13,C_prepro,no_domain_stop,12,13,institutional,2007-2014,44.79768016920691
C_no_domain_stop_s13,C_prepro,no_domain_stop,12,13,institutional,2015-2018,54.49769253511476
C_no_domain_stop_s13,C_prepro,no_domain_stop,12,13,institutional,2019-2022,60.435944639373496
C_no_domain_stop_s13,C_prepro,no_domain_stop,12,13,institutional,2023-2026,51.0282150872816
C_no_domain_stop_s13,C_prepro,no_domain_stop,12,13,technology,2007-2014,29.787053245915256
C_no_domain_stop_s13,C_prepro,no_domain_stop,12,13,technology,2015-2018,13.305309385723376
C_no_domain_stop_s13,C_prepro,no_domain_stop,12,13,technology,2019-2022,18.680442559064733
C_no_domain_stop_s13,C_prepro,no_domain_stop,12,13,technology,2023-2026,25.50775922380429
C_no_domain_stop_s13,C_prepro,no_domain_stop,12,13,meta,2007-2014,0.010554330886710279
C_no_domain_stop_s13,C_prepro,no_domain_stop,12,13,meta,2015-2018,2.78741013531544
C_no_domain_stop_s13,C_prepro,no_domain_stop,12,13,meta,2019-2022,5.279442101471229
C_no_domain_stop_s13,C_prepro,no_domain_stop,12,13,meta,2023-2026,4.843256422414774
C_no_domain_stop_s42,C_prepro,no_domain_stop,12,42,operational,2007-2014,41.6753721870009
C_no_domain_stop_s42,C_prepro,no_domain_stop,12,42,operational,2015-2018,47.790986698473716
C_no_domain_stop_s42,C_prepro,no_domain_stop,12,42,operational,2019-2022,26.051890818602665
C_no_domain_stop_s42,C_prepro,no_domain_stop,12,42,operational,2023-2026,13.20273318240576
C_no_domain_stop_s42,C_prepro,no_domain_stop,12,42,institutional,2007-2014,31.48270024712474
C_no_domain_stop_s42,C_prepro,no_domain_stop,12,42,institutional,2015-2018,23.750866139616846
C_no_domain_stop_s42,C_prepro,no_domain_stop,12,42,institutional,2019-2022,39.407033199018365
C_no_domain_stop_s42,C_prepro,no_domain_stop,12,42,institutional,2023-2026,50.91989070038684
C_no_domain_stop_s42,C_prepro,no_domain_stop,12,42,technology,2007-2014,26.598405302956962
C_no_domain_stop_s42,C_prepro,no_domain_stop,12,42,technology,2015-2018,24.968668988203717
C_no_domain_stop_s42,C_prepro,no_domain_stop,12,42,technology,2019-2022,27.996479930411116
C_no_domain_stop_s42,C_prepro,no_domain_stop,12,42,technology,2023-2026,27.506476315068085
C_no_domain_stop_s42,C_prepro,no_domain_stop,12,42,meta,2007-2014,0.24352504836618513
C_no_domain_stop_s42,C_prepro,no_domain_stop,12,42,meta,2015-2018,3.4894756396897724
C_no_domain_stop_s42,C_prepro,no_domain_stop,12,42,meta,2019-2022,6.544597733979268
C_no_domain_stop_s42,C_prepro,no_domain_stop,12,42,meta,2023-2026,8.370900688479804
C_no_domain_stop_s7,C_prepro,no_domain_stop,12,7,operational,2007-2014,68.79899092391497
C_no_domain_stop_s7,C_prepro,no_domain_stop,12,7,operational,2015-2018,60.20496881523286
C_no_domain_stop_s7,C_prepro,no_domain_stop,12,7,operational,2019-2022,43.83062952813715
C_no_domain_stop_s7,C_prepro,no_domain_stop,12,7,operational,2023-2026,37.41398947653731
C_no_domain_stop_s7,C_prepro,no_domain_stop,12,7,institutional,2007-2014,20.636146080596518
C_no_domain_stop_s7,C_prepro,no_domain_stop,12,7,institutional,2015-2018,32.67523035457998
C_no_domain_stop_s7,C_prepro,no_domain_stop,12,7,institutional,2019-2022,45.153684878492236
C_no_domain_stop_s7,C_prepro,no_domain_stop,12,7,institutional,2023-2026,43.372854152073614
C_no_domain_stop_s7,C_prepro,no_domain_stop,12,7,technology,2007-2014,10.564861254260904
C_no_domain_stop_s7,C_prepro,no_domain_stop,12,7,technology,2015-2018,7.119799872943985
C_no_domain_stop_s7,C_prepro,no_domain_stop,12,7,technology,2019-2022,11.015686641654208
C_no_domain_stop_s7,C_prepro,no_domain_stop,12,7,technology,2023-2026,19.21315674277745
C_no_domain_stop_s7,C_prepro,no_domain_stop,12,7,meta,2007-2014,0.0
C_no_domain_stop_s7,C_prepro,no_domain_stop,12,7,meta,2015-2018,0.0
C_no_domain_stop_s7,C_prepro,no_domain_stop,12,7,meta,2019-2022,0.0
C_no_domain_stop_s7,C_prepro,no_domain_stop,12,7,meta,2023-2026,0.0
C_unigrams_s13,C_prepro,unigrams,12,13,operational,2007-2014,53.5094679493947
C_unigrams_s13,C_prepro,unigrams,12,13,operational,2015-2018,51.510258443995546
C_unigrams_s13,C_prepro,unigrams,12,13,operational,2019-2022,46.214574289487146
C_unigrams_s13,C_prepro,unigrams,12,13,operational,2023-2026,40.064233303068406
C_unigrams_s13,C_prepro,unigrams,12,13,institutional,2007-2014,34.94175400137465
C_unigrams_s13,C_prepro,unigrams,12,13,institutional,2015-2018,35.37438365914568
C_unigrams_s13,C_prepro,unigrams,12,13,institutional,2019-2022,31.05959845057643
C_unigrams_s13,C_prepro,unigrams,12,13,institutional,2023-2026,33.393935311498055
C_unigrams_s13,C_prepro,unigrams,12,13,technology,2007-2014,9.705889111986227
C_unigrams_s13,C_prepro,unigrams,12,13,technology,2015-2018,10.808572205296514
C_unigrams_s13,C_prepro,unigrams,12,13,technology,2019-2022,15.643063075476677
C_unigrams_s13,C_prepro,unigrams,12,13,technology,2023-2026,14.679447916031071
C_unigrams_s13,C_prepro,unigrams,12,13,meta,2007-2014,1.8428885035367177
C_unigrams_s13,C_prepro,unigrams,12,13,meta,2015-2018,2.3067866444398533
C_unigrams_s13,C_prepro,unigrams,12,13,meta,2019-2022,7.0827633103342835
C_unigrams_s13,C_prepro,unigrams,12,13,meta,2023-2026,11.862382368440194
C_unigrams_s42,C_prepro,unigrams,12,42,operational,2007-2014,35.234551499585606
C_unigrams_s42,C_prepro,unigrams,12,42,operational,2015-2018,48.34274776785605
C_unigrams_s42,C_prepro,unigrams,12,42,operational,2019-2022,41.38203719421452
C_unigrams_s42,C_prepro,unigrams,12,42,operational,2023-2026,28.514908271006334
C_unigrams_s42,C_prepro,unigrams,12,42,institutional,2007-2014,33.9056653045797
C_unigrams_s42,C_prepro,unigrams,12,42,institutional,2015-2018,28.868176953146758
C_unigrams_s42,C_prepro,unigrams,12,42,institutional,2019-2022,29.182428532326917
C_unigrams_s42,C_prepro,unigrams,12,42,institutional,2023-2026,30.714223991367362
C_unigrams_s42,C_prepro,unigrams,12,42,technology,2007-2014,30.813870900237816
C_unigrams_s42,C_prepro,unigrams,12,42,technology,2015-2018,21.719610283980728
C_unigrams_s42,C_prepro,unigrams,12,42,technology,2019-2022,27.205538524390754
C_unigrams_s42,C_prepro,unigrams,12,42,technology,2023-2026,28.905212863044955
C_unigrams_s42,C_prepro,unigrams,12,42,meta,2007-2014,0.045912669035412065
C_unigrams_s42,C_prepro,unigrams,12,42,meta,2015-2018,1.069467045708734
C_unigrams_s42,C_prepro,unigrams,12,42,meta,2019-2022,2.229997600427143
C_unigrams_s42,C_prepro,unigrams,12,42,meta,2023-2026,11.86565386821788
C_unigrams_s7,C_prepro,unigrams,12,7,operational,2007-2014,38.087496863954584
C_unigrams_s7,C_prepro,unigrams,12,7,operational,2015-2018,41.67514784354353
C_unigrams_s7,C_prepro,unigrams,12,7,operational,2019-2022,30.063833995106204
C_unigrams_s7,C_prepro,unigrams,12,7,operational,2023-2026,25.519987953104344
C_unigrams_s7,C_prepro,unigrams,12,7,institutional,2007-2014,39.561205600936475
C_unigrams_s7,C_prepro,unigrams,12,7,institutional,2015-2018,34.94817294547829
C_unigrams_s7,C_prepro,unigrams,12,7,institutional,2019-2022,44.656487532516216
C_unigrams_s7,C_prepro,unigrams,12,7,institutional,2023-2026,42.540891673521244
C_unigrams_s7,C_prepro,unigrams,12,7,technology,2007-2014,21.567779831032873
C_unigrams_s7,C_prepro,unigrams,12,7,technology,2015-2018,20.462821385935968
C_unigrams_s7,C_prepro,unigrams,12,7,technology,2019-2022,19.47764034758115
C_unigrams_s7,C_prepro,unigrams,12,7,technology,2023-2026,23.538225466101416
C_unigrams_s7,C_prepro,unigrams,12,7,meta,2007-2014,0.7835170576678744
C_unigrams_s7,C_prepro,unigrams,12,7,meta,2015-2018,2.913858589308802
C_unigrams_s7,C_prepro,unigrams,12,7,meta,2019-2022,5.802040161264207
C_unigrams_s7,C_prepro,unigrams,12,7,meta,2023-2026,8.400893907419988
C_vocab_loose_s13,C_prepro,vocab_loose,12,13,operational,2007-2014,51.345279968730516
C_vocab_loose_s13,C_prepro,vocab_loose,12,13,operational,2015-2018,67.07341176267619
C_vocab_loose_s13,C_prepro,vocab_loose,12,13,operational,2019-2022,49.86512565971579
C_vocab_loose_s13,C_prepro,vocab_loose,12,13,operational,2023-2026,28.304900386469473
C_vocab_loose_s13,C_prepro,vocab_loose,12,13,institutional,2007-2014,45.44848953701148
C_vocab_loose_s13,C_prepro,vocab_loose,12,13,institutional,2015-2018,29.761107132344478
C_vocab_loose_s13,C_prepro,vocab_loose,12,13,institutional,2019-2022,41.610219928160305
C_vocab_loose_s13,C_prepro,vocab_loose,12,13,institutional,2023-2026,48.16171124646
C_vocab_loose_s13,C_prepro,vocab_loose,12,13,technology,2007-2014,1.3004082241119854
C_vocab_loose_s13,C_prepro,vocab_loose,12,13,technology,2015-2018,1.3399992963331897
C_vocab_loose_s13,C_prepro,vocab_loose,12,13,technology,2019-2022,5.147073159658046
C_vocab_loose_s13,C_prepro,vocab_loose,12,13,technology,2023-2026,6.2766078882494485
C_vocab_loose_s13,C_prepro,vocab_loose,12,13,meta,2007-2014,1.9058227579989762
C_vocab_loose_s13,C_prepro,vocab_loose,12,13,meta,2015-2018,1.82548238891286
C_vocab_loose_s13,C_prepro,vocab_loose,12,13,meta,2019-2022,3.3775792273041185
C_vocab_loose_s13,C_prepro,vocab_loose,12,13,meta,2023-2026,17.25677753201277
C_vocab_loose_s42,C_prepro,vocab_loose,12,42,operational,2007-2014,59.4740725975195
C_vocab_loose_s42,C_prepro,vocab_loose,12,42,operational,2015-2018,65.72599784374688
C_vocab_loose_s42,C_prepro,vocab_loose,12,42,operational,2019-2022,42.7466978920711
C_vocab_loose_s42,C_prepro,vocab_loose,12,42,operational,2023-2026,34.67995930322445
C_vocab_loose_s42,C_prepro,vocab_loose,12,42,institutional,2007-2014,22.408919716175056
C_vocab_loose_s42,C_prepro,vocab_loose,12,42,institutional,2015-2018,27.05924831898301
C_vocab_loose_s42,C_prepro,vocab_loose,12,42,institutional,2019-2022,38.673488550488806
C_vocab_loose_s42,C_prepro,vocab_loose,12,42,institutional,2023-2026,41.345123473414944
C_vocab_loose_s42,C_prepro,vocab_loose,12,42,technology,2007-2014,16.291869341390942
C_vocab_loose_s42,C_prepro,vocab_loose,12,42,technology,2015-2018,5.815713304982637
C_vocab_loose_s42,C_prepro,vocab_loose,12,42,technology,2019-2022,13.3383672312185
C_vocab_loose_s42,C_prepro,vocab_loose,12,42,technology,2023-2026,20.583734259808274
C_vocab_loose_s42,C_prepro,vocab_loose,12,42,meta,2007-2014,1.8251376772241201
C_vocab_loose_s42,C_prepro,vocab_loose,12,42,meta,2015-2018,1.3990427286626073
C_vocab_loose_s42,C_prepro,vocab_loose,12,42,meta,2019-2022,5.241445570176842
C_vocab_loose_s42,C_prepro,vocab_loose,12,42,meta,2023-2026,3.3911784461944685
C_vocab_loose_s7,C_prepro,vocab_loose,12,7,operational,2007-2014,49.53613244491255
C_vocab_loose_s7,C_prepro,vocab_loose,12,7,operational,2015-2018,52.51502214136053
C_vocab_loose_s7,C_prepro,vocab_loose,12,7,operational,2019-2022,40.527822091624124
C_vocab_loose_s7,C_prepro,vocab_loose,12,7,operational,2023-2026,36.72533353382619
C_vocab_loose_s7,C_prepro,vocab_loose,12,7,institutional,2007-2014,46.361480767306304
C_vocab_loose_s7,C_prepro,vocab_loose,12,7,institutional,2015-2018,41.51693015774981
C_vocab_loose_s7,C_prepro,vocab_loose,12,7,institutional,2019-2022,48.4258956511298
C_vocab_loose_s7,C_prepro,vocab_loose,12,7,institutional,2023-2026,38.10680661769841
C_vocab_loose_s7,C_prepro,vocab_loose,12,7,technology,2007-2014,0.6978896226731497
C_vocab_loose_s7,C_prepro,vocab_loose,12,7,technology,2015-2018,3.056000224169111
C_vocab_loose_s7,C_prepro,vocab_loose,12,7,technology,2019-2022,5.852013208540383
C_vocab_loose_s7,C_prepro,vocab_loose,12,7,technology,2023-2026,4.021125404085524
C_vocab_loose_s7,C_prepro,vocab_loose,12,7,meta,2007-2014,3.4044962997541006
C_vocab_loose_s7,C_prepro,vocab_loose,12,7,meta,2015-2018,2.9120467565371655
C_vocab_loose_s7,C_prepro,vocab_loose,12,7,meta,2019-2022,5.194265302173638
C_vocab_loose_s7,C_prepro,vocab_loose,12,7,meta,2023-2026,21.146731986954137
C_vocab_strict_s13,C_prepro,vocab_strict,12,13,operational,2007-2014,67.22201511007975
C_vocab_strict_s13,C_prepro,vocab_strict,12,13,operational,2015-2018,52.5718453313857
C_vocab_strict_s13,C_prepro,vocab_strict,12,13,operational,2019-2022,35.354393642895346
C_vocab_strict_s13,C_prepro,vocab_strict,12,13,operational,2023-2026,27.696267952448277
C_vocab_strict_s13,C_prepro,vocab_strict,12,13,institutional,2007-2014,15.907551927072442
C_vocab_strict_s13,C_prepro,vocab_strict,12,13,institutional,2015-2018,29.0461885627883
C_vocab_strict_s13,C_prepro,vocab_strict,12,13,institutional,2019-2022,38.00770832013869
C_vocab_strict_s13,C_prepro,vocab_strict,12,13,institutional,2023-2026,45.91202601120585
C_vocab_strict_s13,C_prepro,vocab_strict,12,13,technology,2007-2014,16.870425778931043
C_vocab_strict_s13,C_prepro,vocab_strict,12,13,technology,2015-2018,18.38196503391373
C_vocab_strict_s13,C_prepro,vocab_strict,12,13,technology,2019-2022,26.637897167691133
C_vocab_strict_s13,C_prepro,vocab_strict,12,13,technology,2023-2026,26.391708699035615
C_vocab_strict_s13,C_prepro,vocab_strict,12,13,meta,2007-2014,0.0
C_vocab_strict_s13,C_prepro,vocab_strict,12,13,meta,2015-2018,0.0
C_vocab_strict_s13,C_prepro,vocab_strict,12,13,meta,2019-2022,0.0
C_vocab_strict_s13,C_prepro,vocab_strict,12,13,meta,2023-2026,0.0
C_vocab_strict_s42,C_prepro,vocab_strict,12,42,operational,2007-2014,29.322073104473628
C_vocab_strict_s42,C_prepro,vocab_strict,12,42,operational,2015-2018,44.54016039209819
C_vocab_strict_s42,C_prepro,vocab_strict,12,42,operational,2019-2022,29.56830805851496
C_vocab_strict_s42,C_prepro,vocab_strict,12,42,operational,2023-2026,13.508977625792795
C_vocab_strict_s42,C_prepro,vocab_strict,12,42,institutional,2007-2014,46.429473760933135
C_vocab_strict_s42,C_prepro,vocab_strict,12,42,institutional,2015-2018,32.28078674801509
C_vocab_strict_s42,C_prepro,vocab_strict,12,42,institutional,2019-2022,44.74300285949236
C_vocab_strict_s42,C_prepro,vocab_strict,12,42,institutional,2023-2026,44.95770189227339
C_vocab_strict_s42,C_prepro,vocab_strict,12,42,technology,2007-2014,23.981740130451122
C_vocab_strict_s42,C_prepro,vocab_strict,12,42,technology,2015-2018,19.026179803313426
C_vocab_strict_s42,C_prepro,vocab_strict,12,42,technology,2019-2022,20.55594989956363
C_vocab_strict_s42,C_prepro,vocab_strict,12,42,technology,2023-2026,38.19344687108999
C_vocab_strict_s42,C_prepro,vocab_strict,12,42,meta,2007-2014,0.26671141580057645
C_vocab_strict_s42,C_prepro,vocab_strict,12,42,meta,2015-2018,4.15287241083206
C_vocab_strict_s42,C_prepro,vocab_strict,12,42,meta,2019-2022,5.132738081803028
C_vocab_strict_s42,C_prepro,vocab_strict,12,42,meta,2023-2026,3.339875216655249
C_vocab_strict_s7,C_prepro,vocab_strict,12,7,operational,2007-2014,54.53153168067123
C_vocab_strict_s7,C_prepro,vocab_strict,12,7,operational,2015-2018,59.04514202295103
C_vocab_strict_s7,C_prepro,vocab_strict,12,7,operational,2019-2022,42.13583081668831
C_vocab_strict_s7,C_prepro,vocab_strict,12,7,operational,2023-2026,25.459767581264714
C_vocab_strict_s7,C_prepro,vocab_strict,12,7,institutional,2007-2014,32.967857360745256
C_vocab_strict_s7,C_prepro,vocab_strict,12,7,institutional,2015-2018,28.115686877008557
C_vocab_strict_s7,C_prepro,vocab_strict,12,7,institutional,2019-2022,39.66304469020138
C_vocab_strict_s7,C_prepro,vocab_strict,12,7,institutional,2023-2026,50.78519243208272
C_vocab_strict_s7,C_prepro,vocab_strict,12,7,technology,2007-2014,12.500608261386029
C_vocab_strict_s7,C_prepro,vocab_strict,12,7,technology,2015-2018,12.83916895970833
C_vocab_strict_s7,C_prepro,vocab_strict,12,7,technology,2019-2022,18.20112350395195
C_vocab_strict_s7,C_prepro,vocab_strict,12,7,technology,2023-2026,23.755042030082528
C_vocab_strict_s7,C_prepro,vocab_strict,12,7,meta,2007-2014,0.0
C_vocab_strict_s7,C_prepro,vocab_strict,12,7,meta,2015-2018,0.0
C_vocab_strict_s7,C_prepro,vocab_strict,12,7,meta,2019-2022,0.0
C_vocab_strict_s7,C_prepro,vocab_strict,12,7,meta,2023-2026,0.0
